Sector,Total_Cost,Total_Revenue,Avg_CTR
Commercial,7456488.54,930384627.01,5628.943027210885
Defense,1374807.07,168132034.07,5917.456481481481
